"","longitude","latitude","k3","k4","k5","k6"
"3",69.186465,28.636116,1,1,1,1
"40",71.544814,34.004345,1,1,1,1
"116",67.018009,30.209423,2,2,2,2
"117",66.999967,24.916689,2,2,2,2
"126",71.477429,34.565494,1,1,1,1
"234",71.383411,34.000016,1,1,1,1
"265",65.095779,28.490733,1,1,1,1
"271",62.720616,26.367809,2,3,3,3
"335",70.90953,31.823676,3,4,4,4
"412",71.55552,34.217183,2,2,2,2
"433",71.39393,30.18376,2,2,2,2
"438",72.121717,34.000659,3,4,4,4
"584",66.515608,30.104113,2,3,5,5
"586",67.018009,30.209423,2,3,5,5
"597",69.186547,28.635636,2,3,5,5
"621",69.186547,28.635636,1,1,1,1
"701",67.033375,24.933254,2,3,5,5
"704",67.018388,30.209078,2,2,2,2
"706",71.558325,33.794627,2,2,2,2
"707",71.46633,33.96125,1,1,1,6
"716",67.4232,30.05798,2,3,3,3
"717",67.4232,30.05798,2,3,3,3
"725",67.4232,30.05798,2,3,5,5
"738",70.336254,33.700174,2,2,2,2
"739",70.749556,32.407113,2,3,3,3
"757",71.468525,33.971417,1,1,1,6
"758",67.028061,24.893379,2,3,5,5
"767",69.859741,32.667476,1,1,1,6
"812",70.336254,33.700174,2,3,3,3
"935",68.216667,28.55,1,1,1,6
"949",63.014758,26.156056,2,3,5,5
"954",65.095779,28.490733,2,3,5,5
"964",71.383333,34,1,1,1,6
"973",71.477429,34.565494,2,3,5,5
"978",71.874921,35.19766,3,4,4,4
"994",70.100833,33.899167,3,4,4,4
"1010",69.15,29.033333,1,1,1,6
"1018",69.859741,32.667476,1,1,1,6
"1019",69.859741,32.667476,2,3,5,5
"1107",71.551622,33.968178,1,1,1,6
"1134",71.54483,34.004299,3,4,4,4
"1153",68.274306,25.416868,1,1,1,6
"1160",69.55201,28.019567,1,1,1,6
"1161",68.323494,25.378033,1,1,1,6
"1162",68.403381,26.239479,1,1,1,6
"1163",68.936897,26.04418,1,1,1,6
"1164",68.119278,26.841,1,1,1,6
"1165",68.743559,27.527306,1,1,1,6
"1166",69.316667,28.016667,1,1,1,6
"1167",67.339071,24.84477,1,1,1,6
"1168",67.339071,24.84477,1,1,1,6
"1169",68.848587,27.6908,1,1,1,6
"1170",68.403381,26.239479,1,1,1,6
"1192",69.093531,29.140415,1,1,1,6
"1200",71.999817,34.006649,1,1,1,6
"1232",73.625473,35.450276,2,3,5,5
"1280",71.5448,34.004274,2,3,5,5
"1305",70.676944,33.8125,3,4,4,4
"1306",70.676944,33.8125,2,3,5,5
"1327",69.095774,29.142918,1,1,1,1
"1330",71.735939,34.150928,3,4,4,4
"1365",70.9095,31.823759,3,4,4,4
"1436",70.914772,32.601768,2,2,2,2
"1474",69.813889,32.964722,2,3,3,3
"1487",70.961944,33.747778,3,4,4,4
"1503",70.775759,33.640689,2,3,5,5
"1513",71.516667,34.483333,1,1,1,1
"1514",71.561111,33.923611,3,4,4,4
"1566",70.117119,32.335121,1,1,1,1
"1567",70.117119,32.335121,1,1,1,1
"1579",71.623948,34.920942,1,1,1,1
"1594",71.5448,34.004274,3,4,4,4
"1635",69.83,32.568611,2,3,5,5
"1643",69.149945,29.033559,2,3,5,5
"1777",70.775759,33.640689,2,3,3,3
"1778",70.847724,33.825361,3,4,4,4
"1779",68.208122,27.55788,1,1,1,1
"1780",69.700613,31.830625,2,2,2,2
"1869",66.849889,29.800158,2,3,5,5
"1873",67.018137,30.209304,2,3,5,5
"1936",69.095774,29.142918,1,1,1,1
"1949",71.480221,34.567793,2,2,2,2
"2035",67.195278,24.893056,3,4,4,4
"2106",67.018137,30.209304,2,3,5,5
"2206",67.018137,30.209304,2,3,5,5
"2211",67.018137,30.209304,2,3,5,5
"2212",67.018137,30.209304,2,3,5,5
"2257",71.236667,34.343333,2,3,5,5
"2258",71.35116,34.463847,2,3,5,5
"2269",69.83,32.568612,2,3,5,5
"2281",67.018137,30.209304,2,3,5,5
"2282",67.018137,30.209304,2,3,5,5
"2393",71.383252,34.00012,1,1,1,1
"2440",69.054746,28.95882,1,1,1,1
"2461",74.340683,31.54505,1,1,1,1
"2470",69.095774,29.142918,1,1,1,1
"2656",71.486321,33.936477,2,3,5,5
"2657",67.018137,30.209304,1,1,1,1
"2675",68.368333,25.379167,1,1,1,1
"2676",68.368333,25.379167,1,1,1,1
"2677",68.368333,25.379167,1,1,1,1
"2678",68.368333,25.379167,1,1,1,1
"2679",68.428576,25.386425,1,1,1,1
"2680",68.301399,25.363791,1,1,1,1
"2681",68.443581,25.595779,1,1,1,1
"2682",68.4031,26.238851,1,1,1,1
"2683",68.839821,24.65922,1,1,1,1
"2684",67.923897,24.74798,1,1,1,1
"2685",68.848587,27.6908,1,1,1,1
"2686",68.208122,27.55788,1,1,1,1
"2687",68.403381,26.239479,1,1,1,1
"2688",68.403381,26.239479,1,1,1,1
"2689",68.504444,27.288889,1,1,1,1
"2690",68.098427,26.30732,1,1,1,1
"2691",67.9,27.85,1,1,1,1
"2692",67.769547,26.724409,1,1,1,1
"2693",67.991608,26.6605,1,1,1,1
"2694",68.743559,27.527306,1,1,1,1
"2697",68.097222,27.374722,1,1,1,1
"2741",71.521948,34.730041,3,4,4,4
"2796",70.065163,32.999081,2,3,3,3
"2831",67.018137,30.209304,2,2,2,2
"2862",72.121612,34.000591,1,1,1,1
"2863",72.121612,34.000591,1,1,1,1
"2879",66.995553,30.219438,2,3,5,5
"2963",71.5448,34.004274,1,1,1,1
"2982",71.5448,34.004274,1,1,1,1
"3022",67.018137,30.209304,1,1,1,1
"3023",71.480221,34.567793,2,3,3,3
"3024",71.480221,34.567793,2,3,3,3
"3056",71.464444,33.917778,2,3,5,5
"3070",67.018137,30.209304,2,3,5,5
"3081",67.018137,30.209304,2,3,5,5
"3113",68.216667,28.55,1,1,1,1
"3164",74.301588,31.534001,2,3,5,5
"3165",74.304178,31.434006,2,3,5,5
"3182",67.018137,30.209304,2,3,5,5
"3332",68.098451,26.307306,2,3,5,5
"3346",70.925833,33.815278,1,1,1,1
"3352",67.018137,30.209304,1,1,1,1
"3353",67.015546,30.200795,1,1,1,1
"3354",65.416667,28.583333,2,3,5,5
"3371",66.992893,30.079884,1,1,1,1
"3402",71.480221,34.567793,1,1,1,1
"3409",70.468024,32.413767,2,3,3,3
"3418",70.383326,32.21665,1,1,1,1
"3442",71.480221,34.567793,1,1,1,1
"3486",72.044411,34.198181,1,1,1,1
"3573",71.46229,33.91956,1,1,1,1
"3587",71.477429,34.565494,2,3,5,5
"3682",71.651019,34.119318,1,1,1,1
"3750",67.189449,29.408737,1,1,1,1
"3776",71.287421,34.021103,1,1,1,1
"3783",71.287421,34.021103,1,1,1,1
"3875",72.046816,35.165524,2,3,5,5
"3885",67.031566,30.182091,1,1,1,1
"3886",67.030821,30.189459,1,1,1,1
"3916",71.48759,33.47483,1,1,1,1
"3928",65.418223,28.58229,1,1,1,1
"3952",66.995078,24.850393,2,2,2,2
"3958",66.995823,30.219157,3,4,4,4
"4024",69.001648,28.923448,1,1,1,1
"4038",65.138763,27.407631,2,3,5,5
"4059",72.046816,35.165524,2,3,5,5
"4067",71.26465,34.39907,1,1,1,1
"4104",72.046816,35.165524,2,2,2,2
"4114",72.046816,35.165524,2,3,5,5
"4119",71.544949,34.0042,2,2,2,2
"4163",71.765,35.09,2,3,5,5
"4173",66.933276,30.090268,3,4,4,4
"4275",71.874921,35.19766,2,3,5,5
"4293",67.363186,24.815006,1,1,1,1
"4294",67.363186,24.815006,1,1,1,1
"4331",67.283333,30.1175,2,2,2,2
"4336",71.383333,33.999999,2,2,2,2
"4349",66.945189,30.354275,2,2,2,2
"4376",63.060873,26.00354,2,3,5,5
"4396",67.213067,30.157285,2,2,2,2
"4456",74.111252,32.44548,2,3,3,3
"4473",74.111252,32.44548,1,1,1,1
"4501",67.049304,24.880323,1,1,1,1
"4516",71.999817,34.006649,2,2,2,2
"4518",74.320674,31.533102,2,3,3,3
"4525",71.316111,34.835555,1,1,1,1
"4529",66.945189,30.354275,1,1,1,1
"4565",70.8,33.733333,2,2,2,2
"4581",71.650833,34.940278,1,1,1,1
"4592",70.605556,32.98889,3,4,4,4
"4620",67.084797,24.939894,2,3,5,5
"4644",71.301111,33.646099,1,1,1,1
"4658",71.55,35.31,2,3,3,3
"4686",66.965668,24.947762,1,1,1,1
"4697",67.021955,25.054159,2,3,5,5
"4714",62.3225,25.126389,2,3,3,3
"4716",70.53988,33.348384,3,4,4,4
"4717",72.00237,35.278357,1,1,1,1
"4728",67.036111,24.885833,2,2,2,2
"4825",72.00237,35.278357,1,1,1,1
"4830",71.383252,34.00012,2,3,5,5
"4831",71.14978,34.0989,2,3,5,5
"4839",67.018137,30.209304,2,3,5,5
"4865",71.002222,33.7075,2,3,5,5
"5014",74.320621,31.601849,1,1,1,1
"5015",74.320621,31.601849,1,1,1,1
"5016",71.458023,30.190189,3,4,4,4
"5100",74.255714,31.486251,2,3,5,5
"5101",71.862638,34.864259,2,3,5,5
"5172",71.383252,34.00012,2,3,5,5
"5212",72.375193,32.809399,2,3,5,5
"5235",67.064331,24.92808,1,1,1,1
"5258",71.872616,35.196559,2,3,3,3
"5262",66.59,29.025833,2,3,5,5
"5277",71.480221,34.567793,1,1,1,1
"5281",71.480221,34.567793,1,1,1,1
"5334",71.464444,33.917778,2,2,2,2
"5335",70.9095,31.823759,2,3,5,5
"5345",72.375193,32.809399,2,3,5,5
"5386",66.959444,24.965278,2,3,5,5
"5406",70.851667,33.638056,2,3,5,5
"5473",71.2367,34.3434,2,3,5,5
"5506",73.2,34.333333,2,3,5,5
"5508",72.393265,33.857616,3,4,4,4
"5521",67.018137,30.209304,2,3,5,5
"5530",67.028349,24.893446,1,1,1,1
"5538",69.681944,32.303889,2,3,5,5
"5558",71.14978,34.0989,1,1,1,1
"5608",67.018137,30.209304,1,1,1,1
"5642",71.018793,33.478328,2,3,5,5
"5648",71.685833,34.953611,2,3,3,3
"5649",71.429936,34.856902,2,3,5,5
"5661",71.774167,34.814444,2,3,5,5
"5717",67.666223,29.229304,2,3,5,5
"5718",67.666223,29.229304,2,3,5,5
"5721",67.018137,30.209304,2,3,5,5
"5762",70.024262,32.703582,1,1,1,1
"5802",71.55806,33.794433,1,1,1,1
"5811",64.099996,26.966658,1,1,1,1
"5822",71.853333,34.851944,2,3,5,5
"5823",66.933276,30.090268,2,3,5,5
"5824",66.933276,30.090268,2,3,5,5
"5848",73.043747,33.605801,1,1,1,1
"5860",71.5448,34.004274,3,4,4,4
"5957",71.399933,33.914075,1,1,1,1
"5959",67.018137,30.209304,2,2,2,2
"5993",71.464444,33.917778,1,1,1,1
"6042",71.002222,33.7075,1,1,1,1
"6056",70.100833,33.899167,1,1,1,1
"6118",62.269993,25.673815,2,3,5,5
"6157",71.648611,34.939722,1,1,1,1
"6177",71.274945,34.018381,1,1,1,1
"6192",66.849889,29.800158,3,4,4,4
"6193",67.033351,24.933291,1,1,1,1
"6197",67.033351,24.933291,1,1,1,1
"6211",71.5448,34.004274,1,1,1,1
"6215",71.55806,33.794433,1,1,1,1
"6235",68.216667,28.55,1,1,1,1
"6350",71.660556,35.162778,2,3,5,5
"6379",70.942937,33.756296,1,1,1,1
"6416",71.524444,33.439722,1,1,1,1
"6426",71.474499,33.907874,1,1,1,1
"6551",71.480221,34.567793,2,3,3,3
"6572",71.464444,33.917778,1,1,1,1
"6644",72.362594,34.779498,2,2,2,2
"6690",71.14978,34.0989,1,1,1,1
"6722",73.060547,33.718151,2,2,2,2
"6723",70.871022,33.733414,1,1,1,1
"6724",70.871022,33.733414,1,1,1,1
"6735",71.110179,34.036041,1,1,1,1
"6747",70.100833,33.899167,2,3,5,5
"6754",69.791287,32.523233,2,3,5,5
"6756",67.018137,30.209304,1,1,1,1
"6784",71.55806,33.794433,1,1,1,1
"6787",67.018137,30.209304,2,3,5,5
"6916",74.340683,31.54505,2,3,5,5
"6922",67.018137,30.209304,1,1,1,1
"7052",71.366886,34.345159,1,1,1,1
"7076",72.441667,34.833333,2,3,5,5
"7083",72.441667,34.833333,2,3,5,5
"7158",71.999817,34.006649,1,1,1,1
"7247",72.571718,34.799654,2,3,5,5
"7266",72.615117,34.394322,2,2,2,2
"7300",71.814142,34.960764,2,3,5,5
"7347",67.018137,30.209304,2,3,5,5
"7369",67.033351,24.933291,3,4,4,4
"7370",71.5448,34.004274,3,4,4,4
"7428",69.149945,29.033559,2,2,2,2
"7439",69.570315,32.30469,1,1,1,1
"7450",67.018137,30.209304,2,3,5,5
"7451",67.018137,30.209304,2,3,5,5
"7490",67.021955,25.054159,2,3,5,5
"7504",67.333333,29.866667,2,3,5,5
"7520",67.021955,25.054159,1,1,1,1
"7620",67.083323,24.916672,1,1,1,1
"7622",70.278036,32.970704,1,1,1,1
"7653",71.367317,34.344528,3,4,4,4
"7680",71.486321,33.936477,3,4,4,4
"7704",71.306068,34.012597,2,2,2,2
"7706",67.018137,30.209304,1,1,1,1
"7707",66.966859,24.94971,3,4,4,4
"7712",66.966859,24.94971,1,1,1,1
"7732",73.043747,33.605801,3,4,4,4
"7759",70.914772,32.601768,3,4,4,4
"7764",71.464444,33.917778,1,1,1,1
"7774",70.9095,31.823759,1,1,1,1
"7789",70.9095,31.823759,1,1,1,1
"7804",73.060547,33.718151,1,1,1,1
"7960",74.340683,31.54505,2,2,2,2
"7961",71.561111,33.923611,1,1,1,1
"7977",74.340683,31.54505,2,3,5,5
"7987",70.605556,32.988889,3,4,4,4
"7995",67.033351,24.933291,1,1,1,1
"8006",72.331113,34.95262,1,1,1,1
"8033",71.343536,33.38855,2,3,5,5
"8057",72.362662,34.779483,1,1,1,1
"8113",70.605556,32.988889,3,4,4,4
"8114",71.772627,34.159316,1,1,1,1
"8148",67.200031,24.84997,1,1,1,1
"8167",67.018137,30.209304,2,3,5,5
"8168",67.018137,30.209304,2,3,5,5
"8169",67.018137,30.209304,2,3,5,5
"8194",71.5448,34.004274,3,4,4,4
"8267",71.478739,34.106446,2,3,5,5
"8268",67.200031,24.84997,2,3,5,5
"8269",66.966859,24.94971,2,3,5,5
"8270",71.999817,34.006649,1,1,1,1
"8297",66.966859,24.94971,1,1,1,1
"8326",71.5448,34.004274,3,4,4,4
"8352",71.4,34.321111,1,1,1,1
"8397",71.635014,34.371917,2,2,2,2
"8398",71.5448,34.004274,2,2,2,2
"8399",71.5448,34.004274,2,2,2,2
"8443",66.849889,29.800158,1,1,1,1
"8445",71.464444,33.917778,2,3,5,5
"8482",71.383252,34.00012,1,1,1,1
"8502",66.966097,24.949833,1,1,1,1
"8510",72.516399,34.279967,2,3,5,5
"8522",67.064331,24.92808,1,1,1,1
"8559",71.027506,33.493951,1,1,1,1
"8685",67.0523,24.985008,1,1,1,1
"8699",71.399704,34.321606,1,1,1,1
"8705",67.189207,29.413283,2,3,5,5
"8737",67.015121,30.207454,3,4,4,4
"8738",67.015121,30.207454,3,4,4,4
"8739",67.015121,30.207454,1,1,1,1
"8740",72.363113,34.777434,1,1,1,1
"8766",66.933161,30.090336,2,3,3,3
"8823",69.969686,32.812886,1,1,1,1
"8881",71.461845,33.916298,1,1,1,1
"8882",71.461845,33.916298,1,1,1,1
"8883",71.461845,33.916298,1,1,1,1
"8884",71.461845,33.916298,1,1,1,1
"8954",66.966909,24.950044,2,2,2,2
"8975",66.972973,24.924271,1,1,1,1
"8977",71.502622,33.907715,1,1,1,1
"8997",66.95273,24.973299,2,2,2,2
"9043",71.545244,34.00424,1,1,1,1
"9058",71.540765,34.012327,1,1,1,1
"9076",69.812798,32.34374,2,2,2,2
"9106",67.199737,24.849992,1,1,1,1
"9107",67.199737,24.849992,1,1,1,1
"9128",71.458566,33.985646,1,1,1,1
"9156",69.148801,29.035054,2,2,2,2
"9233",63.466667,25.266667,2,3,5,5
"9253",72.470934,34.105933,2,3,5,5
"9254",67.018173,30.209459,2,3,5,5
"9314",70.135162,33.798152,1,1,1,1
"9331",71.058001,33.534097,3,4,4,4
"9355",70.779198,32.821074,3,4,4,4
"9356",70.779234,32.82147,3,4,4,4
"9400",66.91819,24.867904,1,1,1,6
"9482",70.965883,33.742381,1,1,1,6
"9483",62.040111,26.112903,2,3,3,3
"9534",67.004915,30.189206,1,1,1,6
"9535",67.010752,30.187054,1,1,1,6
"9536",67.024055,30.192173,1,1,1,6
"9550",67.080715,24.825723,1,1,1,6
"9584",72.044411,34.198181,1,1,1,1
"9623",71.0025,33.707778,1,1,1,6
"9626",70.54496,33.370038,3,4,4,4
"9627",70.669266,32.929773,3,4,4,4
"9628",71.002222,33.7075,1,1,1,6
"9652",72.044411,34.198181,3,4,4,4
"9670",66.957103,30.181994,1,1,1,6
"9743",71.54483,34.004324,3,4,4,4
"9745",71.14978,34.0989,2,3,5,5
"9825",71.579072,34.013426,1,1,1,6
"9901",63.143063,25.393661,2,3,5,5
"9960",72.051902,34.115766,2,3,5,5
"9988",67.162636,24.87952,1,1,1,6
"10002",71.477429,34.565494,1,1,1,1
"10003",71.477429,34.565494,1,1,1,1
"10004",71.273333,34.567778,1,1,1,1
"10005",71.477429,34.565494,1,1,1,1
"10027",66.59,29.025833,2,2,2,2
"10043",62.364313,26.111473,2,3,5,5
"10058",67.093003,24.941464,1,1,1,1
"10060",70.889722,33.901111,1,1,1,1
"10127",71.382158,34.003044,1,1,1,1
"10239",70.9095,31.823759,1,1,1,1
"10292",70.512378,33.778532,1,1,1,1
"10301",70.605556,32.988889,3,4,4,4
"10304",66.998333,30.159444,2,2,2,2
"10325",64.739444,28.789167,2,2,2,2
"10327",66.966667,24.95,2,3,5,5
"10432",71.54483,34.004299,3,4,4,4
"10566",68.231735,28.607431,1,1,1,1
"10584",68.253136,28.606226,1,1,1,1
"10714",71.54483,34.004299,2,3,5,5
"10750",71.544035,34.005019,3,4,4,4
"10770",66.961791,24.919917,2,3,3,3
"10772",72.056186,34.350854,3,4,4,4
"10778",67.952363,29.895667,1,1,1,1
"10779",67.952363,29.895667,1,1,1,1
"10780",67.952363,29.895667,1,1,1,1
"10781",67.952363,29.895667,1,1,1,1
"10782",67.952363,29.895667,1,1,1,1
"10783",67.952363,29.895667,1,1,1,1
"10798",69.345116,30.375321,1,1,1,1
"10799",70.464658,32.771985,1,1,1,1
"10844",67.779722,29.774722,1,1,1,1
"10863",71.561111,33.923611,1,1,1,1
"10890",67.129867,24.832234,2,3,3,3
"10927",65.475736,26.098269,2,2,2,2
"10957",70.351944,33.533611,2,3,5,5
"11018",65.416667,28.583333,1,1,1,1
"11020",66.976462,30.184207,2,2,2,2
"11105",68.368333,25.379167,2,2,2,2
"11119",67.028061,24.893379,2,2,2,2
"11191",72.430454,34.809445,1,1,1,1
"11192",71.735939,34.150928,1,1,1,1
"11205",71.383333,34,2,3,5,5
"11297",71.580409,34.004378,3,4,4,4
"11299",66.336894,28.306799,2,2,2,2
"11315",71.544285,34.005427,2,2,2,2
"11316",70.813885,33.732,2,3,5,5
"11372",66.990752,30.07511,1,1,1,1
"11452",63.059063,26.004339,2,3,3,3
"11453",66.905851,30.656963,2,3,5,5
"11461",70.278036,32.970704,1,1,1,1
"11488",64.153747,26.725987,2,2,2,2
"11489",64.412985,28.884512,2,3,5,5
"11506",67.065475,24.944974,1,1,1,1
"11514",66.957537,30.181712,3,4,4,4
"11515",67.014013,30.180822,1,1,1,1
"11517",67.013315,30.188167,1,1,1,1
"11524",67.872307,29.546729,1,1,1,1
"11574",68.085659,27.479987,1,1,1,1
"11589",67.045718,24.962104,1,1,1,1
"11601",66.008751,29.565544,1,1,1,1
"11619",66.96645,24.95011,1,1,1,1
"11629",67.224739,29.926718,2,2,2,2
"11657",72.433105,34.016242,2,3,5,5
"11659",67.024065,24.942581,1,1,1,1
"11660",66.995903,24.869617,1,1,1,1
"11666",67.02413,24.942581,1,1,1,1
"11689",71.433738,33.581733,1,1,1,1
"11690",71.581543,34.049388,1,1,1,1
"11691",72.466629,34.116708,1,1,1,1
"11696",66.925872,24.960149,2,2,2,2
"11754",68.546349,26.028558,1,1,1,1
"11755",68.745865,27.525627,1,1,1,1
"11756",68.430212,26.175332,1,1,1,1
"11757",68.521887,27.350804,1,1,1,1
"11791",69.14378,29.038837,1,1,1,1
"11838",68.54353,28.520665,1,1,1,1
"11850",67.016673,24.853183,1,1,1,1
"11851",66.42715,27.508215,1,1,1,1
"11886",67.129867,24.832234,2,2,2,2
"11912",67.066705,24.916662,1,1,1,1
"11927",67.064331,24.92808,3,4,4,4
"11977",70.14558,32.974638,1,1,1,1
"11978",67.871604,29.548689,2,3,5,5
"12025",70.097065,33.900164,1,1,1,1
"12038",71.788889,35.038889,1,1,1,1
"12052",68.224411,28.497661,1,1,1,1
"12106",71.45771,30.203894,2,2,2,2
"12118",63.059794,26.003644,2,2,2,2
"12188",67.028061,24.893379,1,1,1,1
"12189",67.028061,24.893379,1,1,1,1
"12253",67.002754,30.193805,3,4,4,4
"12611",67.002754,30.193805,1,1,1,1
"12642",71.361051,34.004556,2,3,5,5
"12757",72.684426,34.743111,1,1,1,1
"12769",66.42715,27.508215,2,3,5,5
"12892",70.694618,33.726945,2,3,5,5
"12922",71.529579,33.988349,2,3,5,5
"12962",71.055748,33.533859,2,2,2,2
"12966",66.850306,29.799639,1,1,1,1
"12991",70.166667,33,2,2,2,2
"13014",67.195278,24.893056,2,2,2,2
"13127",71.383333,34,2,3,3,3
"13260",67.00661,30.201452,3,4,4,4
"13261",67.006613,30.201453,3,4,4,4
"13263",67.728027,30.38522,2,3,3,3
"13405",71.558456,33.794329,2,3,3,3
"13424",71.558111,33.79455,2,3,5,5
"13433",71.503744,34.730327,2,3,3,3
"13450",71.521948,34.730041,2,3,3,3
"13452",71.54603,34.004289,3,4,4,4
"13454",67.035899,24.934856,2,2,2,2
"13485",71.228965,34.568578,1,1,1,1
"13486",67.011261,30.203414,1,1,1,1
"13507",74.8312,35.334733,2,3,5,5
"13598",69.164586,29.035359,2,3,5,5
"13599",69.15,29.033333,1,1,1,1
"13609",65.478705,26.098841,1,1,1,1
"13612",71.544285,34.011689,2,3,5,5
"13613",70.6,32.99,2,2,2,2
"13614",67.04484,24.866506,1,1,1,1
"13726",71.553286,33.914019,1,1,1,1
"13728",66.96627,30.177166,3,4,4,4
"13852",71.736757,33.836457,2,2,2,2
"13928",71.54483,34.004299,2,3,5,5
"13948",74.308684,31.564897,1,1,1,1
"13989",67.018173,30.209459,2,2,2,2
"14004",66.957103,30.181994,3,4,4,4
"14162",63.056003,26.00403,2,3,5,5
"14247",64.412815,28.884362,2,3,5,5
"14482",67.065821,24.901724,2,2,2,2
"14483",67.195759,24.847188,2,3,3,3
"14518",67.01401,30.19702,2,3,5,5
"14608",68.847513,27.705415,3,4,4,4
"14659",66.992984,24.893989,1,1,1,1
"14671",71.606517,34.012952,2,2,2,2
"14677",74.289803,35.918091,1,1,1,1
"14697",70.100484,33.899273,3,4,4,4
"14698",70.100484,33.899273,3,4,4,4
"14746",71.54254,33.860367,2,3,5,5
"14750",62.3225,25.126389,1,1,1,1
"14771",67.018173,30.209459,1,1,1,1
"14812",70.9095,31.823759,3,4,4,4
"14887",67.028061,24.893379,1,1,1,1
"15013",67.15161,24.858715,2,3,5,5
"15026",67.034355,24.983724,2,2,2,2
"15083",67.333333,29.866667,1,1,1,1
"15104",67.337753,29.880988,1,1,1,1
"15105",67.337753,29.880988,1,1,1,1
"15106",67.337753,29.880988,1,1,1,1
"15107",67.337753,29.880988,1,1,1,1
"15114",74.091003,35.42207,2,3,5,5
"15117",67.062752,24.795618,1,1,1,1
"15118",67.054445,24.794188,1,1,1,1
"15119",67.063336,24.789279,1,1,1,1
"15120",67.06118,24.79515,1,1,1,1
"15193",67.135825,25.018032,2,3,5,5
"15214",66.997369,30.230483,2,3,5,5
"15215",67.010314,30.205674,3,4,4,4
"15319",67.040863,24.943729,2,2,2,2
"15322",67.018173,30.209459,1,1,1,1
"15452",67.028061,24.893379,2,3,5,5
"15454",68.296825,25.362796,2,3,5,5
"15538",71.467778,34.805278,2,3,5,5
"15599",67.135825,25.018032,2,3,5,5
"15624",67.129867,24.832234,1,1,1,1
"15625",67.129867,24.832234,1,1,1,1
"15800",70.025246,32.51899,3,4,4,4
"15946",62.041359,26.115009,2,3,5,5
"15967",69.91806,32.96083,1,1,1,1
"16127",71.558111,33.79455,2,3,5,5
"16131",73.981534,32.479122,2,3,5,5
"16173",66.994259,30.176444,1,1,1,1
"16202",62.718835,26.068672,1,1,1,1
"16205",71.458755,33.916725,2,2,2,2
"16368",62.04114,26.118144,1,1,1,1
"16369",62.3225,25.126389,2,3,5,5
"16436",71.76357,35.09054,1,1,1,1
"16532",66.19802,27.692192,1,1,1,1
"16538",67.018173,30.209459,2,3,5,5
"16546",66.973329,24.923882,2,2,2,2
"16603",67.333333,29.866667,1,1,1,1
"16643",71.544288,34.00372,3,4,4,4
"16665",67.091918,30.689888,1,1,1,1
"16719",71.246289,34.349642,2,3,5,5
"16720",71.246289,34.349642,1,1,1,1
"16778",71.544288,34.00372,1,1,1,1
"16788",66.966667,24.95,2,2,2,2
"16804",64.145994,26.730893,2,3,5,5
"16848",71.544288,34.00372,1,1,1,1
"16939",65.458628,26.913712,1,1,1,1
"16940",65.475736,26.098269,2,3,5,5
"16956",65.540337,27.023584,2,3,5,5
"16957",65.475736,26.098269,2,3,5,5
"16959",67.02263,25.050063,2,3,3,3
"16978",71.0757,33.546327,3,4,4,4
"17029",66.966667,24.95,2,2,2,2
"17030",64.446695,26.142683,2,3,5,5
"17065",70.505,32.955278,1,1,1,1
"17081",70.606202,32.98465,1,1,1,1
"17105",71.54483,34.004299,1,1,1,1
"17201",65.565693,27.107117,2,3,5,5
"17234",67.008147,24.867748,2,3,5,5
"17265",67.015178,30.197083,1,1,1,1
"17266",74.343611,31.549722,1,1,1,1
"17298",69.570278,32.304722,3,4,4,4
"17418",66.937678,30.087663,1,1,1,1
"17437",63.014758,26.156056,2,2,2,2
"17439",70.458899,31.928599,3,4,4,4
"17452",65.475736,26.098269,1,1,1,1
"17571",68.039822,28.59189,1,1,1,1
"18076",67.33333,29.866667,2,3,5,5
"18078",65.574707,26.904484,2,3,5,5
"18095",67.208338,24.835493,2,3,5,5
"18199",67.060283,24.872888,2,3,5,5
"18201",67.019165,24.921154,2,3,5,5
"18202",67.064331,24.995264,2,3,5,5
"18203",67.083178,24.916487,2,3,5,5
"18233",68.323089,25.378152,1,1,1,1
"18297",65.570785,26.91126,2,3,5,5
"18434",63.466667,25.266667,1,1,1,1
"18536",66.918443,24.867945,3,4,4,4
"18562",66.46149,30.925016,2,3,5,5
"18616",73.044135,33.598394,2,3,5,5
"18632",70.605556,32.988889,3,4,4,4
"18725",63.057648,26.003259,2,2,2,2
"18812",70.487289,33.256111,3,4,4,4
"18833",66.998734,30.182971,1,1,1,1
"18834",66.998734,30.182971,1,1,1,1
"18835",67.011856,30.18711,1,1,1,1
"18838",72.266102,34.161967,2,3,3,3
"18880",67.00178,30.165686,1,1,1,1
"18888",66.996319,30.177631,1,1,1,1
"18890",71.488758,34.575482,1,1,1,1
"18891",71.462089,33.917153,2,2,2,2
"18900",67.079213,24.944592,1,1,1,1
"18901",67.079213,24.944592,1,1,1,1
"18985",70.236554,32.974558,1,1,1,1
"19022",66.613857,27.802639,2,2,2,2
"19070",64.098431,26.967825,1,1,1,1
"19274",71.181984,34.552254,2,3,5,5
"19278",63.466667,25.266667,2,3,5,5
"19336",67.009939,24.861462,2,3,3,3
"19449",71.058109,34.443239,2,3,5,5
"19566",62.039443,26.114673,2,3,3,3
"19655",63.060556,26.004167,1,1,1,1
"19707",70.401762,33.173506,1,1,1,1
"19709",67.333333,29.866667,1,1,1,1
"19712",63.060556,26.004167,2,3,5,5
"19794",74.342181,31.543321,2,2,2,2
"19903",71.58049,34.014975,1,1,1,1
"19904",70.14558,32.974638,1,1,1,1
"19905",73.044135,33.598394,3,4,4,4
"19921",67.009939,24.861462,2,3,3,3
"19947",72.04721,34.19687,1,1,1,1
"19958",70.278036,32.970704,3,4,4,4
"20019",67.064925,24.898403,3,4,4,4
"20031",66.616667,27.8,2,2,2,2
"20119",63.060556,26.004167,2,3,5,5
"20196",69.398299,28.948411,1,1,1,1
"20398",64.19637,26.750388,1,1,1,1
"20490",67.003051,30.191332,3,4,4,4
"20529",66.369349,27.342228,1,1,1,1
"20547",70.356397,32.246185,1,1,1,1
"20562",71.472235,34.029149,2,3,5,5
"20599",73.072993,33.668065,2,3,5,5
"20668",67.01,30.12,1,1,1,1
"20723",67.009939,24.861462,2,3,3,3
"20747",66.999038,30.183419,1,1,1,1
"20748",71.15039,33.5538,3,4,4,4
"20808",67.01,24.86,2,2,2,2
"20818",67.163958,24.824478,2,3,5,5
"20837",69.859741,32.320237,2,3,5,5
"20838",71.58049,34.014975,2,3,5,5
"20853",64.1,26.966667,1,1,1,1
"20867",67.009939,24.861462,3,4,4,4
"20893",72.067556,34.202896,2,3,5,5
"20899",64.133769,26.953689,2,2,2,2
"20904",68.216667,28.55,1,1,1,1
"20919",67.779717,29.774149,1,1,1,1
"20945",71.574157,34.011119,2,2,2,2
"20948",71.58049,34.014975,2,2,2,2
"20949",71.58049,34.014975,2,2,2,2
"21030",70.461674,31.931404,1,1,1,1
"21032",72.469199,34.119817,2,2,2,2
"21060",67.009939,24.861462,2,3,5,5
"21067",71.192994,33.622423,1,1,1,1
"21102",69.001648,28.923448,1,1,1,1
"21113",74.348483,31.523263,2,3,5,5
"21146",72.765153,34.803112,1,1,1,1
"21147",72.765153,34.803106,1,1,1,1
"21157",71.146135,34.091295,1,1,1,1
"21191",73.481547,33.011614,1,1,1,1
"21197",67.033411,24.916533,2,3,5,5
"21201",67.01,24.86,2,2,2,2
"21251",66.469774,30.164757,2,3,5,5
"21252",69.186431,28.636138,1,1,1,1
"21281",70.604167,32.986111,1,1,1,1
"21305",73.04251,33.587775,3,4,4,4
"21328",69.100003,29.142127,1,1,1,1
"21330",70.916667,31.816667,1,1,1,1
"21331",70.916667,31.816667,1,1,1,1
"21344",66.616667,27.8,1,1,1,1
"21353",67.189449,29.408737,3,4,4,4
"21379",66.994972,30.182417,2,2,2,2
"21390",70.907124,33.443839,2,3,5,5
"21406",74.258292,31.433238,2,2,2,2
"21409",71.627941,34.164304,1,1,1,1
"21434",69.15,29.033333,1,1,1,1
"21462",69.100003,29.142127,1,1,1,1
"21463",69.188794,28.635768,1,1,1,1
"21495",66.981764,30.142033,1,1,1,1
"21580",69.100003,29.142127,1,1,1,1
"21598",70.29975,28.416328,2,3,5,5
"21705",67.033368,24.933392,1,1,1,1
"21706",67.033368,24.933392,1,1,1,1
"21707",67.033368,24.933392,3,4,4,4
"21728",69.100003,29.142127,1,1,1,1
"21729",69.4,28.95,1,1,1,1
"21731",66.966667,24.95,2,2,2,2
"21764",68.12925,28.62643,1,1,1,1
"21858",71.560564,33.91929,2,3,5,5
"21877",68.348833,28.374475,1,1,1,6
"21900",71.571416,34.01094,1,1,1,6
"21907",64.140501,26.733346,1,1,1,6
"22013",71.572441,34.007989,3,4,4,4
"22019",67.519728,24.790085,1,1,1,6
"22026",68.944561,29.01674,1,1,1,6
"22128",62.04134,26.115009,2,3,3,3
"22129",66.369478,27.341446,1,1,1,6
"22130",69.097689,29.143466,1,1,1,6
"22131",66.369478,27.341446,1,1,1,6
"22171",64.115782,26.733346,1,1,1,6
"22213",69.15,29.033333,2,3,5,5
"22221",70.30558,28.420391,1,1,1,6
"22247",70.298874,28.421156,1,1,1,6
"22248",70.298874,28.421156,1,1,1,6
"22268",68.134975,29.528359,1,1,1,6
"22300",66.998734,30.182971,2,2,2,2
"22324",71.571411,34.010835,1,1,1,6
"22339",64.1,26.966667,1,1,1,6
"22382",67.267471,24.852952,3,4,4,4
"22385",62.362505,26.098336,2,2,2,2
"22427",69.822057,30.860421,2,3,3,3
"22428",62.362505,26.098336,2,2,2,2
"22436",67.081011,24.825106,3,4,4,4
"22481",69.150218,29.033283,1,1,1,6
"22492",70.735724,33.425245,1,1,1,1
"22515",71.462588,33.922054,1,1,1,6
"22518",68.775001,28.239069,1,1,1,6
"22553",67.171238,25.027132,2,3,3,3
"22560",65.13435,27.410787,2,3,5,5
"22624",71.495854,33.694454,2,3,5,5
"22680",69.191716,28.633952,1,1,1,6
"22751",68.899169,30.397753,2,3,5,5
"22753",69.764435,27.792663,1,1,1,6
"22763",67.007675,24.95046,2,3,5,5
"22780",66.918709,24.867438,1,1,1,6
"22824",69.186431,28.636138,1,1,1,6
"22897",71.43326,33.583451,1,1,1,6
"22909",66.986376,24.951744,2,3,5,5
"22948",71.571411,34.010835,3,4,4,4
"22952",62.03376,26.111053,2,3,5,5
"22955",65.230796,26.458388,2,2,2,2
"23239",71.384407,33.999123,1,1,1,1
"23240",71.384407,33.999123,1,1,1,1
"23257",69.184641,28.241585,1,1,1,1
"23284",69.355563,30.074714,2,3,5,5
"23308",68.542915,28.520009,1,1,1,1
"23310",64.096386,26.973499,2,3,3,3
"23311",64.096851,26.971166,1,1,1,1
"23362",73.093458,33.728986,3,4,4,4
"23371",68.211274,28.560113,1,1,1,1
"23375",67.017217,24.859188,2,3,5,5
"23389",67.049354,24.891297,2,3,5,5
"23421",68.348807,28.374483,1,1,1,1
"23425",71.400043,34.376399,2,3,5,5
"23450",69.099566,29.142376,1,1,1,1
"23451",69.505408,28.973496,1,1,1,1
"23454",71.055845,33.53386,1,1,1,1
"23496",66.024062,29.553274,2,3,5,5
"23497",66.994259,24.868206,1,1,1,1
"23498",70.304379,28.422321,1,1,1,1
"23549",69.149956,29.033797,1,1,1,1
"23583",62.039669,26.117181,2,3,5,5
"23585",67.951329,27.494766,1,1,1,1
"23655",69.149956,29.033797,1,1,1,1
"23658",67.333325,29.866659,1,1,1,1
"23703",68.576476,30.388749,1,1,1,1
"23817",69.099566,29.142376,1,1,1,1
"23822",70.572217,31.701629,2,3,5,5
"23857",67.909141,28.021762,1,1,1,1
"23913",71.484983,33.937936,3,4,4,4
"23914",67.00891,30.191055,1,1,1,1
"23916",69.099566,29.142376,1,1,1,1
"23957",69.181698,28.244447,1,1,1,1
"23958",69.181698,28.244447,1,1,1,1
"23964",63.884167,26.014444,2,3,3,3
"23967",71.555529,33.911719,2,2,2,2
"23997",67.350351,24.830846,1,1,1,1
"24469",69.250775,29.89948,1,1,1,1
"24486",68.715498,29.673863,1,1,1,1
"24487",68.78752,29.688231,1,1,1,1
"24613",69.099207,29.141315,1,1,1,1
"24619",63.343358,25.289404,2,3,3,3
"24633",74.357823,31.550502,2,2,2,2
"24634",66.997184,30.182774,1,1,1,1
"24728",67.333413,29.863748,2,3,5,5
"24729",67.099838,24.92119,1,1,1,1
"24730",67.358368,24.870301,1,1,1,1
"24915",69.060404,28.919325,1,1,1,1
"24956",68.043697,28.177277,1,1,1,1
"25010",69.097978,29.141792,1,1,1,1
"25041",69.911057,28.424476,1,1,1,1
"25092",69.657587,32.051614,2,2,2,2
"25105",67.869876,29.547091,1,1,1,1
"25128",67.038254,24.818718,1,1,1,1
"25158",73.09317,33.729476,1,1,1,1
"25193",70.158579,32.111514,2,3,5,5
"25225",71.381002,34.002482,2,3,5,5
"25313",72.751487,33.771634,1,1,1,1
"25334",66.982798,30.149369,2,3,5,5
"25349",71.200694,34.010739,2,2,2,2
"25612",69.151268,29.034139,1,1,1,1
"25656",71.145762,34.092056,3,4,4,4
"25693",71.145762,34.092056,1,1,1,1
"25713",68.012915,28.990638,1,1,1,1
"25715",64.106724,26.960747,1,1,1,1
"25717",66.963545,30.177785,2,3,5,5
"25769",71.587065,34.012447,1,1,1,1
"25783",66.444985,30.921901,1,1,1,1
"25787",64.113616,26.96901,2,3,5,5
"25790",71.553107,33.913186,2,3,5,5
"25831",68.413037,28.645023,1,1,1,1
"25886",69.097978,29.141792,1,1,1,1
"25887",71.553107,33.913186,2,3,5,5
"25928",67.066935,24.895119,3,4,4,4
"25951",68.334116,28.868503,2,3,3,3
"25970",67.044474,24.831824,1,1,1,1
"26055",70.303196,28.422815,1,1,1,1
"26057",71.173765,34.112185,1,1,1,1
"26114",62.365662,26.101239,2,3,5,5
"26187",69.830794,32.565625,1,1,1,1
"26337",65.13435,27.410787,1,1,1,1
"26340",67.375877,29.700041,1,1,1,1
"26405",68.129251,28.626429,1,1,1,1
"26446",66.020134,29.556918,1,1,1,1
"26449",64.1,26.966667,2,3,5,5
"26466",71.41416,34.00135,2,2,2,2
"26473",67.009863,24.881129,2,3,3,3
"26507",62.875278,25.531389,2,3,3,3
"26508",62.366214,26.101116,2,3,5,5
"26622",70.033952,33.133244,1,1,1,1
"26795",66.60848,27.79613,1,1,1,1
"26920",71.27,34.533889,1,1,1,1
"27004",64.102083,26.962583,2,2,2,2
"27010",73.044039,33.597896,1,1,1,1
"27130",69.954053,28.686462,1,1,1,1
"27134",71.530072,34.739867,1,1,1,1
"27135",71.218806,34.688215,1,1,1,1
"27196",70.335675,31.733877,2,2,2,2
"27244",67.657531,29.261365,1,1,1,1
"27292",63.04399,26.00228,2,3,5,5
"27293",63.888592,26.006543,1,1,1,1
"27294",68.36939,25.381751,1,1,1,1
"27295",67.033333,24.933333,1,1,1,1
"27342",70.278036,32.970704,2,3,5,5
"27418",71.334722,34.390278,1,1,1,1
"27477",65.598567,28.306333,2,3,5,5
"27479",73.093002,33.729266,1,1,1,1
"27480",73.031673,33.689401,1,1,1,1
"27481",71.329167,34.538611,1,1,1,1
"27534",66.370608,27.340505,2,3,3,3
"27549",71.429838,34.855861,1,1,1,1
"27639",69.100003,29.142127,1,1,1,1
"27754",67.020396,24.923067,2,2,2,2
"27778",70.86229,33.647254,2,3,5,5
"27818",74.356972,31.554606,2,2,2,2
"27849",72.67186,32.083741,2,2,2,2
"27850",71.50979,34.775677,2,3,5,5
"27871",71.423875,34.810615,2,3,5,5
"27876",67.361775,24.870252,2,2,2,2
"27931",64.706093,28.944654,1,1,1,1
"28017",72.642901,33.565437,3,4,4,4
"28031",71.340476,34.863742,2,3,5,5
"28032",71.279682,34.757748,2,3,5,5
"28033",71.279682,34.75775,1,1,1,1
"28061",69.183451,28.242526,2,3,5,5
"28161",68.36939,25.381751,2,3,5,5
"28172",71.307635,34.669575,1,1,1,1
"28173",71.503358,34.809653,1,1,1,1
"28208",67.168157,24.900203,3,4,4,4
"28213",61.579536,28.954218,3,4,4,4
"28240",71.34738,34.478292,2,2,2,2
"28275",61.586611,28.949068,3,4,4,4
"28294",65.572019,26.909339,1,1,1,1
"28306",70.065,33,3,4,4,4
"28307",61.745876,25.047273,1,1,1,1
"28331",67.168157,24.900203,2,3,5,5
"28339",69.15,29.033333,1,1,1,1
"28387",72.375509,34.817624,2,2,2,2
"28412",70.199506,32.087295,2,3,3,3
"28432",72.394744,34.824498,2,2,2,2
"28457",71.880699,34.51891,2,3,5,5
"28487",63.468729,25.264236,2,3,5,5
"28488",66.61678,27.799652,2,2,2,2
"28535",71.481532,33.921099,1,1,1,1
"28537",71.457132,34.54682,1,1,1,1
"28539",71.226686,34.569502,1,1,1,1
"28657",70.034601,33.134174,1,1,1,1
"28660",71.402035,30.163641,2,2,2,2
"28662",68.775,28.240278,1,1,1,1
"28676",67.904108,30.03127,2,2,2,2
"28703",67.033333,24.916667,2,3,5,5
"28704",66.994954,24.868353,1,1,1,1
"28705",67.016672,30.17116,2,2,2,2
"28813",66.99975,30.215135,2,2,2,2
"28815",73.117934,33.645544,1,1,1,1
"28923",71.376415,33.88245,2,3,5,5
"28970",71.514907,33.994038,2,3,5,5
"28971",70.401907,33.173749,3,4,4,4
"28987",71.365093,34.470008,1,1,1,1
"29037",69.800084,30.059423,1,1,1,1
"29046",67.037113,24.969857,2,3,5,5
"29077",62.264785,25.83353,2,3,3,3
"29093",71.307835,34.515548,2,3,5,5
"29159",67.200368,24.902109,1,1,1,1
"29263",66.981532,24.97031,2,3,5,5
"29289",70.277584,32.97002,2,3,5,5
"29295",63.040462,26.149308,2,2,2,2
"29451",67.002921,24.856916,1,1,1,1
"29588",70.065044,33.000037,1,1,1,1
"29623",68.351814,25.36691,2,3,5,5
"29673",63.060478,26.00422,2,2,2,2
"29699",66.992421,24.894255,2,3,5,5
"29704",71.467088,33.965648,2,2,2,2
"29739",64.088263,26.961666,2,3,5,5
"29741",67.062965,24.894499,2,3,5,5
"29742",66.953161,30.36169,2,3,5,5
"29743",68.597313,30.366942,2,3,5,5
"29788",71.649913,34.000434,2,3,5,5
"29789",63.466656,25.266759,1,1,1,1
"29808",70.604148,32.986033,1,1,1,1
"29887",71.287421,34.021103,2,2,2,2
"29899",69.100003,29.142127,1,1,1,1
"29910",71.313418,34.819364,2,3,3,3
"30146",70.362222,33.194444,2,3,5,5
"30175",66.997819,30.189365,2,3,5,5
"30178",67.129867,24.832234,2,3,5,5
"30285",66.990675,30.18364,1,1,1,1
"30287",62.65377,25.931715,1,1,1,1
"30302",71.36195,33.911742,2,3,3,3
"30303",71.577448,33.998919,1,1,1,1
"30344",66.616741,27.800389,1,1,1,1
"30399",71.457019,33.986793,2,3,5,5
"30448",66.958592,30.101766,2,2,2,2
"30452",66.019505,29.555883,2,3,5,5
"30606",67.129867,24.832234,2,3,5,5
"30625",67.211626,24.858365,2,3,5,5
"30665",63.338058,26.633584,1,1,1,1
"30724",67.006053,24.974065,2,3,5,5
"30736",67.009826,24.861292,2,3,5,5
"30754",67.254817,24.921734,2,3,5,5
"30766",66.998604,30.183008,1,1,1,1
"30768",68.853889,29.086389,1,1,1,1
"30897",66.957296,30.183221,2,3,5,5
"30973",66.020134,29.556918,2,3,5,5
"31017",71.429936,34.856902,2,3,5,5
"31149",70.576252,31.881902,1,1,1,1
"31158",62.365,26.101667,1,1,1,1
"31201",66.85,29.8,2,3,3,3
"31297",62.37068,26.100746,2,3,5,5
"31328",71.874921,35.19766,2,3,5,5
"31492",67.003072,30.181361,1,1,1,1
"31541",68.36994,25.382248,1,1,1,1
"31573",67.016968,24.865319,2,3,5,5
"31602",67.003072,30.181361,3,4,4,4
"31603",67.003072,30.181361,3,4,4,4
"31612",63.014758,26.156056,1,1,1,1
"31614",62.365,26.101667,1,1,1,1
"31730",65.53941,27.02216,1,1,1,1
"31782",67.020107,24.869619,2,3,5,5
"31814",71.337399,34.745799,1,1,1,1
"31825",71.53,34.74,1,1,1,1
"31901",64.110936,26.97582,1,1,1,1
"31902",64.147824,26.730322,1,1,1,1
"31906",71.337901,34.004831,2,3,5,5
"32012",71.01955,33.682835,2,3,5,5
"32082",67.003072,30.181361,1,1,1,1
"32097",71.287421,34.021103,2,3,5,5
"32151",69.190067,28.630939,1,1,1,1
"32152",64.147824,26.730322,2,3,5,5
"32155",67.876104,29.539631,1,1,1,1
"32180",67.020271,24.87017,2,3,5,5
"32228",71.246111,34.484444,1,1,1,1
"32230",67.003072,30.181361,2,2,2,2
"32231",67.709172,30.198599,2,3,5,5
"32351",71.5182,33.932191,2,3,5,5
"32395",62.694491,25.831963,2,2,2,2
"32440",67.017613,24.858207,1,1,1,1
"32472",65.529042,28.57283,2,2,2,2
"32508",65.94228,29.393754,2,3,5,5
"32509",66.998734,30.182971,1,1,1,1
"32531",72.671999,32.083823,2,2,2,2
"32533",67.017941,24.864679,2,3,5,5
"32539",63.057025,26.003966,1,1,1,1
"32597",71.400316,34.86446,1,1,1,1
"32645",69.100116,29.142132,1,1,1,1
"32725",68.218263,28.549023,1,1,1,1
"32727",67.807845,29.257376,1,1,1,1
"32755",70.96653,33.745824,1,1,1,1
"32765",71.581566,34.011893,2,2,2,2
"32813",70.402137,33.173915,1,1,1,1
"32814",67.002304,30.165878,1,1,1,1
"32829",71.581669,34.016594,2,2,2,2
"32853",67.01165,24.861764,1,1,1,1
"32877",71.356697,33.887759,2,3,5,5
"32896",70.547742,33.366979,3,4,4,4
"32897",70.825541,31.668918,2,3,5,5
"32963",66.189394,27.682704,2,3,5,5
"32968",67.013708,24.863176,1,1,1,1
"32970",67.017941,24.864679,2,3,5,5
"33009",70.134407,32.930482,2,3,5,5
"33052",63.060796,26.00532,1,1,1,1
"33080",67.084132,24.917075,2,3,5,5
"33104",66.998734,30.182971,1,1,1,1
"33140",63.058686,26.005823,1,1,1,1
"33141",66.995823,30.219156,1,1,1,1
"33176",63.027215,25.974582,2,3,5,5
"33199",70.769213,33.843038,2,2,2,2
"33233",69.922464,32.957395,2,3,5,5
"33270",71.03416,33.498296,2,3,5,5
"33341",71.579286,34.015369,1,1,1,1
"33375",67.014625,24.85738,1,1,1,1
"33434",67.879398,29.543282,1,1,1,1
"33445",71.36863,34.452803,1,1,1,1
"33447",71.429936,34.856902,1,1,1,1
"33457",71.401849,34.321872,2,2,2,2
"33525",71.558922,33.794419,2,2,2,2
"33526",71.558922,33.794419,1,1,1,1
"33528",71.503181,34.793385,2,2,2,2
"33570",71.555645,34.21739,2,2,2,2
"33616",69.159028,29.032452,1,1,1,1
"33656",67.083368,24.916672,1,1,1,1
"33657",67.083333,24.916667,1,1,1,1
"33667",66.996963,30.184597,2,3,3,3
"33668",66.998953,30.183009,2,3,3,3
"33725",64.100613,26.966277,1,1,1,1
"33726",66.020792,29.554339,1,1,1,1
"33788",66.962892,30.18327,3,4,4,4
"33789",66.998953,30.183009,2,2,2,2
"33996",66.998253,30.17931,1,1,1,1
"34068",71.068127,29.238472,2,3,5,5
"34074",NA,NA,1,1,1,1
"34089",66.998953,30.183009,1,1,1,1
"34186",62.034589,26.112487,1,1,1,1
"34187",66.998253,30.17931,2,3,5,5
"34283",70.705311,33.786886,3,4,4,4
"34339",69.163044,29.034942,1,1,1,1
"34341",62.544361,25.799261,2,2,2,2
"34416",71.589422,34.847491,1,1,1,1
"34451",66.886856,25.030366,2,2,2,2
"34493",71.317778,34.816667,1,1,1,1
"34532",71.287864,34.765756,1,1,1,1
"34577",71.258097,34.555417,1,1,1,1
"34593",70.895278,33.882778,1,1,1,1
"34609",66.998953,30.183009,1,1,1,1
"34648",66.998953,30.183009,3,4,4,4
"34649",66.998953,30.183009,2,3,5,5
"34664",64.099737,26.966589,2,3,3,3
"34768",64.115293,27.005916,2,3,5,5
"34769",63.967521,26.659978,1,1,1,1
"34792",71.462588,33.922054,1,1,1,1
"34828",67.070547,24.941617,1,1,1,1
"34857",64.100613,26.966277,2,3,5,5
"34892",66.967435,30.181683,1,1,1,1
"34895",67.13028,24.926335,1,1,1,1
"34936",67.09701,24.91757,1,1,1,1
"34937",67.06837,24.963673,2,3,5,5
"34967",71.144852,33.697271,2,3,5,5
"34968",71.429936,34.856902,1,1,1,1
"34986",62.651949,25.912207,1,1,1,1
"35014",74.575894,31.590166,3,4,4,4
"35198",63.060559,26.00415,1,1,1,1
"35228",71.211667,34.600833,1,1,1,1
"35229",71.211667,34.600833,1,1,1,1
"35233",64.1,26.966667,1,1,1,1
"35242",65.095779,28.490733,2,3,5,5
"35300",65.416667,28.583333,2,3,5,5
"35354",67.030218,24.87088,1,1,1,1
"35355",67.083333,24.916667,2,3,5,5
"35379",71.144852,33.697271,2,3,5,5
"35380",70.604167,32.986001,1,1,1,1
"35381",66.998603,30.183009,2,2,2,2
"35382",71.338333,34.744167,1,1,1,1
"35455",64.101667,26.981667,1,1,1,1
"35456",62.371348,26.1005,2,3,5,5
"35459",66.120656,26.980452,2,3,5,5
"35471",72.3599,34.773647,2,2,2,2
"35510",66.85,29.8,1,1,1,1
"35557",67.002756,24.85752,2,3,5,5
"35559",67.064331,24.972871,1,1,1,1
"35586",63.060556,26.004147,2,3,5,5
"35590",71.555534,34.217204,1,1,1,1
"35598",70.0825,32.823611,1,1,1,1
"35624",64.1,26.966667,1,1,1,1
"35673",69.570392,32.304842,1,1,1,1
"35703",71.555534,34.217204,1,1,1,1
"35769",67.1,29.916667,1,1,1,1
"35801",71.478301,34.100387,1,1,1,1
"35802",66.992844,24.950082,1,1,1,1
"35803",66.992844,30.079414,1,1,1,1
"35804",66.333333,28.304722,1,1,1,1
"35881",66.98093,24.970532,2,2,2,2
"35911",71.555534,34.217204,2,3,5,5
"35954",67.129867,24.832234,1,1,1,1
"35988",66.998603,30.183009,2,3,5,5
"36078",68.620523,25.922808,1,1,1,1
"36161",62.371348,26.1005,1,1,1,1
"36249",70.707228,33.778545,2,3,5,5
"36318",67.006485,30.174383,1,1,1,1
"36319",62.325952,25.215382,2,2,2,2
"36423",72.415441,34.637438,2,2,2,2
"36448",67.868847,29.532155,1,1,1,1
"36453",70.926409,33.80944,2,3,5,5
"36482",73.108405,31.410724,2,3,5,5
"36507",66.99183,30.081372,1,1,1,1
"36620",66.998684,30.182955,1,1,1,1
"36634",71.193399,30.070373,2,3,3,3
"36645",69.181237,28.632171,1,1,1,1
"36669",70.121374,33.905531,2,2,2,2
"36686",63.968023,26.655872,1,1,1,1
"36697",66.998778,30.183236,2,3,5,5
"36708",71.536462,34.013923,3,4,4,4
"36740",70.90738,31.832288,1,1,1,1
"36776",71.467778,34.805,1,1,1,1
"36834",64.275006,26.702338,1,1,1,1
"36863",69.200441,28.633387,1,1,1,1
"36891",62.959528,25.995098,1,1,1,1
"36892",66.998778,30.183236,1,1,1,1
"36893",69.100003,29.142127,1,1,1,1
"36954",67.01005,24.861443,2,3,3,3
"36987",63.466667,25.266667,2,3,5,5
"36988",63.466667,25.266667,2,3,5,5
"37027",66.998778,30.183236,1,1,1,1
"37074",71.120431,33.885767,2,3,5,5
"37193",69.027478,28.620151,2,3,3,3
"37243",69.384377,28.955469,1,1,1,1
"37244",67.849683,29.164293,1,1,1,1
"37249",71.477429,34.565494,1,1,1,1
"37256",70.537778,33.583889,2,2,2,2
"37257",70.336069,33.695975,2,2,2,2
"37342",67.876624,29.53963,1,1,1,1
"37386",69.37845,28.86935,1,1,1,1
"37468",68.98004,31.329887,2,2,2,2
"37469",69.45009,31.350038,2,2,2,2
"37474",66.945547,24.976461,2,2,2,2
"37475",71.1904,34.61468,1,1,1,1
"37522",69.099914,29.142088,1,1,1,1
"37523",71.099167,34.461111,1,1,1,1
"37599",66.96863,30.135364,2,3,5,5
"37637",66.97,30.198611,1,1,1,1
"37638",66.99061,30.191594,1,1,1,1
"37639",65.577382,26.304831,2,3,5,5
"37640",67.884341,28.158098,1,1,1,1
"37697",73.050429,33.596908,3,4,4,4
"37698",62.322409,25.126114,2,3,3,3
"37699",67.886708,28.155415,1,1,1,1
"37763",67.033268,24.933604,1,1,1,1
"37799",69.362853,30.478008,2,3,5,5
"37813",66.998824,30.182962,1,1,1,1
"37850",69.384377,28.955469,1,1,1,1
"37901",68.225697,28.542062,1,1,1,1
"37954",68.334164,28.868734,1,1,1,1
"37955",68.334164,28.868734,1,1,1,1
"37956",68.334164,28.868734,1,1,1,1
"38005",69.099914,29.142088,1,1,1,1
"38006",64.633889,25.214722,2,3,5,5
"38061",68.201962,28.297637,1,1,1,1
"38063",66.294167,29.178056,1,1,1,1
"38093",73.044493,33.598133,2,3,5,5
"38095",71.511591,34.740321,2,2,2,2
"38117",71.010278,29.095833,1,1,1,1
"38230",71.338333,34.744167,2,3,5,5
"38238",69.384377,28.955469,1,1,1,1
"38239",66.998824,30.182962,1,1,1,1
"38240",66.998824,30.182962,1,1,1,1
"38241",66.998824,30.182962,1,1,1,1
"38342",68.616381,28.629159,1,1,1,1
"38344",68.541317,28.518939,1,1,1,1
"38384",66.850045,29.800097,1,1,1,1
"38442",68.354359,28.373257,1,1,1,1
"38469",68.047751,28.587601,1,1,1,1
"38470",68.047751,28.587601,1,1,1,1
"38472",68.406381,28.644878,1,1,1,1
"38537",68.33299,28.86762,1,1,1,1
"38647",62.3225,25.126389,2,2,2,2
"38649",66.019366,29.555786,2,3,3,3
"38697",68.542198,28.519525,1,1,1,1
"38698",68.775,28.240278,1,1,1,1
"38744",68.637778,27.956944,3,4,4,4
"38840",63.466801,25.266566,2,2,2,2
"38872",69.150033,29.03319,1,1,1,6
"38888",68.333865,28.868386,1,1,1,6
"38914",63.448317,25.398026,2,2,2,2
"38917",63.466667,25.267072,1,1,1,6
"38959",70.336069,33.695975,1,1,1,6
"38960",73.201062,34.333882,1,1,1,6
"38961",69.150045,29.033196,1,1,1,6
"38963",67.104512,24.927639,1,1,1,1
"38964",70.807222,33.784444,1,1,1,6
"39065",65.706667,27.228333,1,1,1,6
"39067",64.059113,26.99214,2,3,5,5
"39105",69.100003,29.142127,1,1,1,6
"39107",64.113921,26.999497,2,3,5,5
"39149",67.934619,29.834081,1,1,1,6
"39152",68.333865,28.868386,1,1,1,6
"39153",68.333865,28.868386,1,1,1,6
"39154",68.333865,28.868386,1,1,1,6
"39188",70.807222,33.784444,1,1,1,6
"39248",71.058691,34.555251,1,1,1,6
"39300",69.099824,29.141775,1,1,1,6
"39341",65.816543,27.895547,2,3,5,5
"39417",68.733333,26.116667,1,1,1,6
"39478",71.437996,33.993364,3,4,4,4
"39481",69.463333,31.124167,2,2,2,2
"39525",68.333865,28.868386,1,1,1,6
"39526",68.333865,28.868386,1,1,1,6
"39527",71.146894,34.093421,2,3,5,5
"39598",69.0015,28.923432,1,1,1,6
"39600",68.07607,28.751677,1,1,1,6
"39601",68.07607,28.751677,1,1,1,6
"39605",68.07607,28.751677,1,1,1,6
"39606",68.07607,28.751677,1,1,1,6
"39638",69.181556,28.244087,1,1,1,6
"39649",68.07607,28.751677,1,1,1,6
"39682",74.357514,31.553995,3,4,4,4
"39684",64.179674,26.726647,2,3,5,5
"39685",69.183333,28.633333,1,1,1,6
"39734",73.101766,33.637476,3,4,4,4
"39750",67.033333,24.933333,2,3,5,5
"39813",69.15,29.033333,1,1,1,6
"39839",68.356281,28.371818,1,1,1,6
"39875",68.719787,28.940156,1,1,1,6
"39876",69.100003,29.141853,1,1,1,6
"39879",63.060377,26.004247,2,3,5,5
"39880",66.589627,29.025798,2,3,5,5
"39957",66.998734,30.182971,1,1,1,6
"39958",69.066667,28.95,1,1,1,6
"39993",68.6,30.366667,2,3,3,3
"40034",63.884133,26.014447,1,1,1,6
"40117",69.100003,29.142127,1,1,1,1
"40158",67.643889,29.195278,2,3,5,5
"40159",69.089402,28.946594,1,1,1,1
"40432",63.714911,26.025566,1,1,1,1
"40444",67.021816,24.946496,2,3,5,5
"40474",63.884167,26.014444,1,1,1,1
"40515",72.348611,34.246111,2,3,5,5
"40521",64.091917,26.973466,1,1,1,1
"40616",71.529738,34.007478,2,3,5,5
"40645",66.621944,25.807222,1,1,1,1
"40688",74.363412,31.410962,3,4,4,4
"40689",74.363546,31.412935,3,4,4,4
"40779",71.478739,34.106446,2,2,2,2
"40780",73.201062,34.333882,2,3,5,5
"40808",71.58049,34.014975,2,2,2,2
"40809",71.291389,34.662222,2,3,5,5
"40832",70.858056,33.933611,1,1,1,1
"40876",67.053014,24.972152,3,4,4,4
"40877",67.01445,24.856305,1,1,1,1
"40878",65.417088,28.58345,2,2,2,2
"40906",66.998734,30.182971,2,2,2,2
"40985",66.456724,29.73527,2,2,2,2
"40994",68.190837,28.3898,1,1,1,1
"40995",63.103333,26.002778,2,3,3,3
"41045",66.883392,25.028372,1,1,1,1
"41084",69.100131,29.142177,1,1,1,1
"41124",69.514156,30.498044,2,3,5,5
"41148",67.211702,24.858406,1,1,1,1
"41176",71.018611,33.925278,2,3,5,5
"41212",65.791944,29.078611,2,2,2,2
"41213",71.456944,33.986111,2,2,2,2
"41241",68.670833,28.427222,1,1,1,1
"41243",66.998734,30.182971,2,2,2,2
"41423",63.018088,26.000948,1,1,1,1
"41460",69.843706,32.337466,1,1,1,1
"41468",70.821924,33.718056,2,3,5,5
"41539",71.529884,34.738413,1,1,1,1
"41552",63.470991,25.263071,1,1,1,1
"41571",63.338478,26.633622,1,1,1,1
"41663",67.070569,24.832017,2,3,5,5
"41691",62.960135,25.995334,2,3,5,5
"41920",67.009939,24.861462,2,3,5,5
"41924",64.077083,26.922389,1,1,1,1
"42070",68.36065,25.374902,1,1,1,1
"42081",62.187885,25.637925,2,3,3,3
"42082",65.503948,26.997391,2,3,5,5
"42146",64.128039,26.962431,2,3,5,5
"42154",69.830904,32.571484,2,3,3,3
"42198",71.601512,34.011066,1,1,1,1
"42311",66.991535,24.894265,2,3,5,5
"42312",67.876755,29.539772,1,1,1,1
"42385",70.902319,31.825488,1,1,1,1
"42421",70.898168,31.826812,1,1,1,1
"42502",63.883967,26.013864,1,1,1,1
"42508",71.724722,34.237222,3,4,4,4
"42534",67.354256,24.869999,2,3,5,5
"42542",71.291389,34.662222,1,1,1,1
"42564",67.009939,24.861462,2,2,2,2
"42597",66.945189,24.975906,2,3,3,3
"42600",70.025203,32.518338,2,3,5,5
"42718",66.589953,29.025836,2,2,2,2
"42750",70.343366,33.539147,3,4,4,4
"42847",72.936762,33.995984,2,2,2,2
"42848",72.936762,33.995984,2,2,2,2
"42862",69.163708,29.035068,1,1,1,1
"42881",70.415278,32.358889,2,3,5,5
"42905",71.409609,34.801494,2,2,2,2
"42969",70.383333,32.216667,2,3,5,5
"43017",67.15187,24.93778,2,3,5,5
"43049",70.062521,32.5886,2,3,5,5
"43060",69.363889,28.376389,1,1,1,1
"43082",71.577624,34.004951,2,2,2,2
"43115",67.141038,24.908958,2,2,2,2
"43201",64.1,26.966667,1,1,1,1
"43320",71.58049,34.014975,2,2,2,2
"43393",66.96863,30.135364,1,1,1,1
"43396",66.019589,29.555805,1,1,1,1
"43472",71.315534,34.816526,2,3,5,5
"43473",66.884313,25.026813,2,2,2,2
"43521",67.01401,30.19702,2,3,5,5
"43522",67.017798,30.205416,2,3,5,5
"43523",67.017798,30.205416,2,3,5,5
"43549",71.477429,34.565494,2,2,2,2
"43567",71.258813,34.563515,1,1,1,1
"43606",71.258813,34.563515,2,2,2,2
"43660",66.998734,30.182971,3,4,4,4
"43661",66.998734,30.182971,1,1,1,1
"43664",70.880711,31.824589,2,3,3,3
"43684",66.84691,29.798417,2,3,5,5
"43685",70.033939,33.133063,2,3,5,5
"43693",63.014758,26.156056,1,1,1,1
"43804",74.223802,31.975507,2,2,2,2
"43849",69.944355,32.448074,2,3,5,5
"43990",64.919337,26.337664,1,1,1,1
"44025",67.012267,30.195202,2,3,5,5
"44027",68.433596,28.282664,1,1,1,1
"44054",65.51126,26.962397,2,2,2,2
"44069",67.003547,30.177564,2,3,5,5
"44117",70.43233,33.150724,3,4,4,4
"44144",67.04959,24.871981,2,2,2,2
"44225",71.582729,34.013925,3,4,4,4
"44227",67.012267,30.195202,2,3,5,5
"44290",67.194982,24.900462,2,2,2,2
"44291",67.008,30.198395,2,3,5,5
"44292",66.983278,30.162558,2,3,5,5
"44293",62.330201,25.174938,1,1,1,1
"44333",69.100003,29.142127,1,1,1,1
"44356",65.500454,26.963424,2,3,5,5
"44419",68.433596,28.282664,1,1,1,1
"44420",69.159609,29.035997,1,1,1,1
"44769",70.4032,33.430238,1,1,1,1
"44773",71.582729,34.013925,2,2,2,2
"44804",64.112336,26.975242,2,3,3,3
"44917",62.368788,26.102687,1,1,1,1
"44918",66.991099,30.182025,2,3,5,5
"44926",71.601359,33.99773,2,2,2,2
"44929",71.74278,34.149739,2,3,5,5
"44940",69.159609,29.035158,2,3,5,5
"45137",63.050872,26.014012,1,1,1,1
"45138",63.037878,26.007915,1,1,1,1
"45140",64.098934,26.962214,1,1,1,1
"45141",62.314297,25.197638,2,3,5,5
"45192",66.990607,30.180194,1,1,1,1
"45195",69.861777,32.747876,1,1,1,1
"45243",66.997849,30.190914,2,3,5,5
"45265",69.748061,32.908626,1,1,1,1
"45309",69.578028,32.302412,2,3,5,5
"45384",70.892147,33.89585,1,1,1,1
"45401",68.181459,28.377754,1,1,1,1
"45503",69.861777,32.747876,1,1,1,1
"45618",62.933184,25.936813,2,3,5,5
"45696",66.973729,30.190045,3,4,4,4
"45720",70.893038,31.832593,1,1,1,1
"45728",72.461557,34.166596,2,2,2,2
"45749",70.9063,31.838464,3,4,4,4
"45750",70.9063,31.838464,2,3,5,5
"46044",62.713802,26.069145,2,2,2,2
"46045",68.952372,28.971322,1,1,1,1
"46153",71.187182,30.09477,2,3,5,5
"46162",74.074728,32.571105,2,3,3,3
"46195",70.687074,32.995865,2,3,5,5
"46437",73.087963,33.632456,2,2,2,2
"46476",68.301119,26.591131,2,3,5,5
"46492",70.696374,33.559522,2,3,5,5
"46580",70.169771,28.332046,1,1,1,1
"46634",69.186432,28.636621,1,1,1,1
"46651",71.841188,34.832731,2,2,2,2
"46707",67.02702,24.952968,3,4,4,4
"46801",63.036332,26.004749,1,1,1,1
"46879",72.379948,33.924563,3,4,4,4
"46978",69.082992,28.138866,2,2,2,2
"47007",72.298783,34.754729,2,3,5,5
"47008",71.660843,34.048284,2,3,5,5
"47034",71.955133,35.378651,1,1,1,1
"47053",62.708172,25.608446,2,3,5,5
"47056",63.472797,25.266476,2,3,5,5
"47114",71.614783,34.612383,2,2,2,2
"47167",71.34279,34.824304,2,2,2,2
"47168",71.407671,34.899695,1,1,1,1
"47211",62.324495,25.195106,1,1,1,1
"47213",69.799099,32.595488,2,3,3,3
"47236",66.625432,27.806088,2,3,5,5
"47240",69.507725,32.61651,2,3,5,5
"47313",69.836378,32.388322,1,1,1,1
"47347",71.334887,34.668078,2,2,2,2
"47396",71.336742,34.669081,2,2,2,2
"47425",69.865846,32.607039,1,1,1,1
"47446",61.74659,25.046977,2,2,2,2
"47538",62.323768,25.1337,2,2,2,2
"47548",71.382818,34.001644,3,4,4,4
"47563",74.473818,31.591728,2,3,5,5
"47568",67.687038,26.966449,2,2,2,2
"47573",66.976903,30.1042,2,3,5,5
"47608",62.323768,25.1337,1,1,1,1
"47737",71.293773,34.022975,2,2,2,2
"47738",74.298534,31.535661,2,2,2,2
"47739",72.020012,34.764244,2,3,5,5
"47800",62.323768,25.1337,1,1,1,1
"47971",71.468438,34.804212,2,3,5,5
"47972",65.550511,27.102765,2,3,5,5
"47980",65.982176,27.656817,2,3,5,5
"47993",71.508834,30.174344,1,1,1,1
"47995",70.491069,32.461137,2,2,2,2
"48001",62.626602,25.710597,1,1,1,1
"48011",69.669405,32.40894,2,3,5,5
"48034",64.147852,26.730353,1,1,1,1
"48036",65.971114,27.645849,2,3,5,5
"48039",67.746701,30.825109,2,2,2,2
"48186",67.022519,24.92394,2,3,5,5
"48193",71.573933,33.957536,3,4,4,4
"48196",63.338033,26.633589,1,1,1,1
"48213",72.510598,34.666544,2,3,5,5
"48215",67.027832,24.902932,2,3,5,5
"48233",63.031124,25.99749,2,3,5,5
"48256",71.547345,34.182804,2,3,5,5
"48432",67.652279,29.875453,2,3,5,5
"48530",64.618676,25.239311,1,1,1,1
"48642",72.356612,34.80177,2,3,5,5
"48685",70.827296,33.433334,1,1,1,1
"48892",70.619213,33.826022,1,1,1,1
"48971",72.161549,34.287036,2,3,5,5
"49101",72.437589,34.572287,2,3,5,5
"49159",70.648447,30.705992,3,4,4,4
"49216",71.427747,34.771902,2,2,2,2
"49318",65.571876,26.896491,2,3,5,5
"49339",67.40041,29.805387,1,1,1,1
"49340",67.40041,29.805387,1,1,1,1
"49341",67.40041,29.805387,1,1,1,1
"49353",71.520364,34.734392,2,3,5,5
"49370",66.981415,30.139068,1,1,1,1
"49371",67.588196,30.216115,1,1,1,1
"49406",67.40041,29.805387,1,1,1,1
"49484",67.883333,28.95,3,4,4,4
"49509",68.436488,28.282935,3,4,4,4
"49533",72.464278,34.116416,2,3,5,5
"49666",69.290733,32.514467,2,3,5,5
"49757",66.998479,30.183284,2,2,2,2
"49909",66.84691,29.798417,1,1,1,1
"49982",71.525936,34.73622,2,2,2,2
"49984",70.377729,32.214509,2,2,2,2
"49991",71.429936,34.856902,2,3,3,3
"50083",62.365317,26.096947,1,1,1,1
"50084",66.957217,30.183388,2,3,5,5
"50116",66.960995,30.188793,2,3,5,5
"50229",65.608075,26.352899,2,3,5,5
"50313",65.476787,26.109015,2,3,5,5
"50341",66.994944,24.868941,2,3,5,5
"50381",66.994566,24.868401,1,1,1,1
"50398",67.009939,24.861462,2,3,5,5
"50404",62.365803,26.101453,1,1,1,1
"50405",65.942016,29.394051,1,1,1,1
"50456",62.03414,26.112352,1,1,1,1
"50457",62.03414,26.112352,1,1,1,1
"50470",62.034096,26.112053,1,1,1,1
"50488",63.88933,26.002067,1,1,1,1
"50514",67.398632,29.808836,1,1,1,1
"50555",68.36939,25.381751,2,3,5,5
"50601",65.48915,26.951559,1,1,1,1
"50637",66.945222,24.975646,2,3,5,5
"50638",71.58026,34.0047,2,2,2,2
"50641",73.079107,31.418714,1,1,1,1
"50673",63.338032,26.633589,1,1,1,1
"50674",68.707778,29.653333,1,1,1,1
"50696",68.707778,29.653333,1,1,1,1
"50697",68.707778,29.653333,1,1,1,1
"50698",68.707778,29.653333,1,1,1,1
"50714",69.686944,32.367222,1,1,1,1
"51028",72.476053,34.062465,2,2,2,2
"51029",72.516046,34.068703,2,3,5,5
"51060",67.017802,24.860787,2,3,5,5
"51062",74.347794,31.5308,1,1,1,1
"51233",71.569028,34.003181,1,1,1,1
"51263",72.688132,32.067541,1,1,1,1
"51290",66.611851,27.813057,2,2,2,2
"51417",66.974637,30.190089,1,1,1,1
"51418",71.58049,34.014975,2,2,2,2
"51419",67.070555,24.832106,2,2,2,2
"51441",70.100966,33.905705,1,1,1,1
"51455",65.475736,26.098269,2,3,5,5
"51650",74.294306,31.462532,1,1,1,1
"51669",63.036603,26.009433,2,2,2,2
"51750",67.283953,30.120388,1,1,1,1
"51772",66.965527,30.218773,1,1,1,1
"51912",70.32601,33.700303,2,2,2,2
"51954",62.013619,26.148541,2,2,2,2
"52039",72.050801,34.200114,3,4,4,4
"52052",63.036603,26.009433,1,1,1,1
"52085",63.088354,25.993516,2,3,5,5
"52128",62.013619,26.148541,1,1,1,1
"52129",63.036917,26.009054,1,1,1,1
